{
 "companyInfoList" : [
   {
     "useNaverBookingYn" : "N",
     "lon" : 127.04231503832899,
     "companyName" : "Almighty_도곡양재차엔박",
     "addrJibun" : "서울특별시 강남구 도곡동 514-2 유니북스빌딩",
     "introPath" : "https:\/\/img.doctalk.co.kr\/dev\/company\/image\/20210803\/4DryAmQe-cNfs-4jxp-9abO-73c6gcqyJcY8.jpeg.png",
     "distance" : 0.021220109730741569,
     "addrRoad" : "서울특별시 강남구 논현로 164(도곡동)",
     "hid" : "hid-1nZaV9Bz-eoVu-59cx-bxfb-2dqGRaYx7Jj2",
     "addrEtc" : "10층",
     "lat" : 37.484288374000002,
     "authedYn" : "Y"
   },
   {
     "addrEtc" : "테스트",
     "addrRoad" : "서울특별시 강남구 자곡로 201 (자곡동)",
     "useNaverBookingYn" : "N",
     "distance" : 5.6030274575352399,
     "lon" : 127.10471374014773,
     "lat" : 37.47537659410164,
     "hid" : "hid_c47980df376956526bba7ec928c4c5dae9a916e1e43f22e86ba9218aee80e47e",
     "introPath" : "https:\/\/img.doctalk.co.kr\/doctalk\/res\/dev\/2019\/11\/19\/3rruJoeJ-gVAm-4Kxf-a65y-1FBAjYNrLf6L.png",
     "companyName" : "닥닥 병원(중지해도되는닥닥)",
     "authedYn" : "Y",
     "addrJibun" : "서울특별시 강남구 자곡동 596 강남 더샵 라르고"
   },
   {
     "addrEtc" : "101",
     "addrRoad" : "서울특별시 강남구 논현로 641(논현동)",
     "useNaverBookingYn" : "N",
     "distance" : 3.1112211294560943,
     "lon" : 127.03178200000001,
     "lat" : 37.510865000000003,
     "hid" : "hid-3AHhZQa8-3LJU-4qPY-abgI-iHrl5PofmfHY",
     "introPath" : "https:\/\/img.doctalk.co.kr\/dev\/company\/image\/20210916\/3ZK9njgv-gluP-4GkL-8HqF-HuRV7vfHXP8T.png",
     "companyName" : "닥닥병원",
     "authedYn" : "Y",
     "addrJibun" : "서울특별시 강남구 논현동 152-5 논현동대우아이빌 힐타운"
   }
 ],
 "companyPosition" : 12,
 "expertPosition" : 7,
 "expertList" : [
   {
     "forClientInfo" : {
       "myLikeYn" : "N",
       "onesDrYn" : "N",
       "onesDrRequestYn" : "N",
       "distance" : 1.3558975717315671
     },
     "tagList" : [
       {
         "tagKey" : 1021,
         "tagName" : "토속병"
       },
       {
         "tagKey" : 180,
         "tagName" : "한방내과"
       }
     ],
     "subjectList" : [
       {
         "name" : "의치, 임플란트",
         "code" : "10136"
       }
     ],
     "companyInfo" : {
       "authedYn" : "N"
     },
     "expertInfo" : {
       "ability" : null,
       "age" : null,
       "requestCancelYn" : "N",
       "faqUse" : null,
       "gender" : null,
       "statusName" : "정상",
       "deepslideSampleAudio" : null,
       "memberType" : null,
       "myLikeYn" : null,
       "naverId" : null,
       "deepslideModelUuid" : null,
       "expertType" : null,
       "hash" : null,
       "cellphone" : null,
       "profilePath" : null,
       "subjectNameList" : null,
       "birthday" : null,
       "expertTypeName" : "치의사",
       "name" : "호admin",
       "genderName" : null,
       "career" : null,
       "licenseUploadYn" : null,
       "hchatUseYn" : "Y",
       "status" : "NORMAL",
       "isDeepslide" : null,
       "likeCnt" : 0,
       "usePasswordYn" : "N",
       "alarmYn" : "N",
       "authState" : "Y",
       "realAge" : null,
       "answerCnt" : 17,
       "uid" : "uid_2Q0qHiZW-25XI-5im8-9Nna-KZXh950l5lEK",
       "emrUserId" : null,
       "memberExternalType" : null,
       "email" : ""
     }
   },
   {
     "forClientInfo" : {
       "onesDrYn" : "N",
       "distance" : 1.3558975717315671,
       "onesDrRequestYn" : "N",
       "myLikeYn" : "N"
     },
     "tagList" : [
       {
         "tagKey" : 178,
         "tagName" : "테스트"
       }
     ],
     "subjectList" : [
       {
         "name" : "치아교정",
         "code" : "10135"
       }
     ],
     "companyInfo" : {
       "hid" : "hid-c8f5f721-4e8a-4359-831d-990553019e1e",
       "authedYn" : "Y",
       "addrRoad" : "서울특별시 강남구 강남대로 328(역삼동)",
       "companyName" : "닥톡 병원112",
       "addrJibun" : "서울특별시 강남구 역삼동 832-3 강남역 쉐르빌",
       "addrEtc" : " "
     },
     "expertInfo" : {
       "ability" : null,
       "age" : null,
       "requestCancelYn" : "N",
       "faqUse" : null,
       "gender" : null,
       "statusName" : "정상",
       "deepslideSampleAudio" : null,
       "memberType" : null,
       "myLikeYn" : null,
       "naverId" : null,
       "deepslideModelUuid" : null,
       "expertType" : null,
       "hash" : null,
       "cellphone" : null,
       "profilePath" : "https:\/\/img.doctalk.co.kr\/dev\/user\/image\/20201130\/aamgRUZX-3ywN-4Tah-cCw3-me04tldhlmcX.jpeg",
       "subjectNameList" : null,
       "birthday" : null,
       "expertTypeName" : "한의사",
       "name" : "펭스",
       "genderName" : null,
       "career" : "ㄴㅇㄹ",
       "licenseUploadYn" : null,
       "hchatUseYn" : "Y",
       "status" : "NORMAL",
       "isDeepslide" : null,
       "likeCnt" : 1,
       "usePasswordYn" : "N",
       "alarmYn" : "Y",
       "authState" : "Y",
       "realAge" : null,
       "answerCnt" : 505,
       "uid" : "uid_452NIFNb-1owy-4Gru-c94H-tz8o4zvwakAz",
       "emrUserId" : null,
       "memberExternalType" : null,
       "email" : "dychoi@docfriends.com"
     }
   },
   {
     "forClientInfo" : {
       "myLikeYn" : "N",
       "onesDrYn" : "N",
       "onesDrRequestYn" : "N",
       "distance" : 1.3558975717315671
     },
     "tagList" : [
       {
         "tagKey" : 178,
         "tagName" : "테스트"
       }
     ],
     "subjectList" : [
       {
         "name" : "외과",
         "code" : "10110"
       }
     ],
     "companyInfo" : {
       "companyName" : "닥톡 병원112",
       "hid" : "hid-c8f5f721-4e8a-4359-831d-990553019e1e",
       "authedYn" : "Y",
       "addrJibun" : "서울특별시 강남구 역삼동 832-3 강남역 쉐르빌",
       "addrRoad" : "서울특별시 강남구 강남대로 328(역삼동)",
       "addrEtc" : " "
     },
     "expertInfo" : {
       "ability" : null,
       "age" : null,
       "requestCancelYn" : "N",
       "faqUse" : null,
       "gender" : null,
       "statusName" : "정상",
       "deepslideSampleAudio" : null,
       "memberType" : null,
       "myLikeYn" : null,
       "naverId" : null,
       "deepslideModelUuid" : null,
       "expertType" : null,
       "hash" : null,
       "cellphone" : null,
       "profilePath" : null,
       "subjectNameList" : null,
       "birthday" : null,
       "expertTypeName" : "직원",
       "name" : "웹챗 테스트 계정",
       "genderName" : null,
       "career" : "웹챗 테스트 용",
       "licenseUploadYn" : null,
       "hchatUseYn" : "N",
       "status" : "NORMAL",
       "isDeepslide" : null,
       "likeCnt" : 0,
       "usePasswordYn" : "N",
       "alarmYn" : "N",
       "authState" : "Y",
       "realAge" : null,
       "answerCnt" : 5,
       "uid" : "uid_c366b0119085357c2234ac8beb398fee7131c1bb9990cc2e949556221250",
       "emrUserId" : null,
       "memberExternalType" : null,
       "email" : "c@c.c"
     }
   },
   {
     "forClientInfo" : {
       "distance" : 1.3558975717315671,
       "myLikeYn" : "N",
       "onesDrYn" : "N",
       "onesDrRequestYn" : "N"
     },
     "tagList" : [
       {
         "tagKey" : 454,
         "tagName" : "감자1"
       },
       {
         "tagKey" : 464,
         "tagName" : "감자11"
       },
       {
         "tagKey" : 465,
         "tagName" : "감자12"
       },
       {
         "tagKey" : 466,
         "tagName" : "감자13"
       },
       {
         "tagKey" : 467,
         "tagName" : "감자14"
       },
       {
         "tagKey" : 1143,
         "tagName" : "공복"
       }
     ],
     "subjectList" : [
       {
         "name" : "한방부인과",
         "code" : "10126"
       }
     ],
     "companyInfo" : {
       "hid" : "hid-c8f5f721-4e8a-4359-831d-990553019e1e",
       "authedYn" : "Y",
       "addrRoad" : "서울특별시 강남구 강남대로 328(역삼동)",
       "addrJibun" : "서울특별시 강남구 역삼동 832-3 강남역 쉐르빌",
       "companyName" : "닥톡 병원112",
       "addrEtc" : " "
     },
     "expertInfo" : {
       "ability" : null,
       "age" : null,
       "requestCancelYn" : "N",
       "faqUse" : null,
       "gender" : null,
       "statusName" : "정상",
       "deepslideSampleAudio" : null,
       "memberType" : null,
       "myLikeYn" : null,
       "naverId" : null,
       "deepslideModelUuid" : null,
       "expertType" : null,
       "hash" : null,
       "cellphone" : null,
       "profilePath" : "https:\/\/img.doctalk.co.kr\/dev\/user\/image\/20211105\/4eWvJG3Z-4ll1-4RIj-9GpD-1eASTK9x6qLP.jpg.png",
       "subjectNameList" : null,
       "birthday" : null,
       "expertTypeName" : "한의사",
       "name" : "의사2",
       "genderName" : null,
       "career" : "fdgdfgdfg1",
       "licenseUploadYn" : null,
       "hchatUseYn" : "Y",
       "status" : "NORMAL",
       "isDeepslide" : null,
       "likeCnt" : 37,
       "usePasswordYn" : "N",
       "alarmYn" : "Y",
       "authState" : "Y",
       "realAge" : null,
       "answerCnt" : 688,
       "uid" : "uid_e2b255d00e7764971607ceae036e5350f779243e11c525bad07f57380093",
       "emrUserId" : null,
       "memberExternalType" : null,
       "email" : "doctor2@test.com"
     }
   },
   {
     "forClientInfo" : {
       "onesDrRequestYn" : "N",
       "distance" : 5.6030274575352399,
       "onesDrYn" : "N",
       "myLikeYn" : "N"
     },
     "tagList" : [
       {
         "tagKey" : 261,
         "tagName" : "test"
       },
       {
         "tagKey" : 188,
         "tagName" : "감기"
       },
       {
         "tagKey" : 364,
         "tagName" : "답변테스트"
       },
       {
         "tagKey" : 716,
         "tagName" : "소화불량"
       },
       {
         "tagKey" : 450,
         "tagName" : "인후염"
       }
     ],
     "subjectList" : [
       {
         "name" : "안과",
         "code" : "10104"
       }
     ],
     "companyInfo" : {
       "addrEtc" : "테스트",
       "companyName" : "닥닥 병원(중지해도되는닥닥)",
       "addrRoad" : "서울특별시 강남구 자곡로 201 (자곡동)",
       "addrJibun" : "서울특별시 강남구 자곡동 596 강남 더샵 라르고",
       "authedYn" : "Y",
       "hid" : "hid_c47980df376956526bba7ec928c4c5dae9a916e1e43f22e86ba9218aee80e47e"
     },
     "expertInfo" : {
       "ability" : null,
       "age" : null,
       "requestCancelYn" : "N",
       "faqUse" : null,
       "gender" : null,
       "statusName" : "정상",
       "deepslideSampleAudio" : null,
       "memberType" : null,
       "myLikeYn" : null,
       "naverId" : null,
       "deepslideModelUuid" : null,
       "expertType" : null,
       "hash" : null,
       "cellphone" : null,
       "profilePath" : "https:\/\/img.doctalk.co.kr\/dev\/user\/image\/20211101\/YA6RvAhL-ciwE-5dA4-cbSU-16ggr1cPnHFR.png",
       "subjectNameList" : null,
       "birthday" : null,
       "expertTypeName" : "의사",
       "name" : "박준걸",
       "genderName" : null,
       "career" : "안녕하세요. 내과 의사 박준걸 입니다.\n저는 XXX  학회 소속이며, 현재는 매봉 내과 의사로 일하고 있습니다.\nㄴgggh",
       "licenseUploadYn" : null,
       "hchatUseYn" : "Y",
       "status" : "NORMAL",
       "isDeepslide" : null,
       "likeCnt" : 7,
       "usePasswordYn" : "N",
       "alarmYn" : "Y",
       "authState" : "Y",
       "realAge" : null,
       "answerCnt" : 257,
       "uid" : "uid_1ac287403284f35e530050cadd0586117296b4a1a4093e4a666c51195634",
       "emrUserId" : null,
       "memberExternalType" : null,
       "email" : "test@nate.net"
     }
   }
 ],
 "pageMap" : {
   "pageNumber" : 1,
   "totalCount" : 20,
   "rowPerPage" : 20,
   "pageCount" : 1
 },
 "consultList" : [
   {
     "allow" : "Y",
     "tagList" : [
       {
         "tagName" : "감기",
         "tagKey" : 188
       }
     ],
     "regDate" : 1635472394000,
     "myWritingYn" : null,
     "readCnt" : 22,
     "companyName" : null,
     "tagNameList" : "감기",
     "myAnswerCnt" : null,
     "textContent" : "ㅋㅋㅋ55\n \n\n",
     "lat" : 37.484291800000001,
     "medicalDepName" : null,
     "listImage" : null,
     "lastAnswerHospital" : {
       "addrJibun" : "서울특별시 강남구 역삼동 832-3 강남역 쉐르빌",
       "lon" : 127.03092100000001,
       "addrRoad" : "서울특별시 강남구 강남대로 328(역삼동)",
       "hospitalName" : "닥톡 병원112",
       "addrDong" : null,
       "distance" : 1.3558975717315671,
       "lat" : 37.492426999999999
     },
     "hashtag" : null,
     "symptom" : "",
     "editorType" : "TE_SUMMERNOTE",
     "uid" : "uid_9d3566b61ea08c3b53a67442beb47e261bcadcd460caa0eee7ae01581964",
     "consultDistance" : 0.018392963670519513,
     "title" : "ㅋㅋㅋ55",
     "status" : "Y",
     "type" : "Q",
     "medicalDep" : "",
     "displayRegDate" : "2021.10.29",
     "answerCnt" : 1,
     "lastAnswer" : {
       "seq" : 529603,
       "displayRegDate" : "2021.11.02",
       "companyName" : "닥톡 병원112",
       "video" : {
         "width" : null,
         "youtubeId" : null,
         "thumbnail" : "",
         "filePath" : "https:\/\/docfriends.s3.ap-northeast-2.amazonaws.com\/dev\/health_consult\/video\/20211105\/2ujPfQd6-7nJW-51Pf-anNf-1cSE1YkjUcqM.mp4?X-Amz-Algorithm=AWS4-HMAC-SHA256&X-Amz-Date=20211110T052356Z&X-Amz-SignedHeaders=host&X-Amz-Expires=599&X-Amz-Credential=AKIAJHIAZX4VSANQUSUA%2F20211110%2Fap-northeast-2%2Fs3%2Faws4_request&X-Amz-Signature=40055aa044b2f055d1136dac0c6d911e9354218be968ad77c1401d162d269651",
         "youtubeState" : "invalid",
         "height" : null,
         "fileName" : "KakaoTalk_20210319_142641602.mp4"
       },
       "mediaType" : "AUDIO",
       "alarmYn" : "Y",
       "userName" : "의사2",
       "regDate" : 1635853988000,
       "expertType" : "ORIENTAL",
       "content" : "안녕하세요, 닥톡-네이버 지식iN 상담한의사 의사2입니다.\n 박통 네이버 지식인 상담 안의사 김병주입니다.\n 혈압이 불안정하면서\n 비속대는 부통 어지럼증에 대해서 문의를 드셨네요.\n 일상생활에서는 정상인데 병원에서만 혈압이 올라가는 경우는\n \n\n",
       "profileImg" : "https:\/\/img.doctalk.co.kr\/dev\/user\/image\/20211105\/4eWvJG3Z-4ll1-4RIj-9GpD-1eASTK9x6qLP.jpg.png",
       "image" : null,
       "expertTypeName" : "한의사",
       "likeCnt" : 37
     },
     "lon" : 127.0421424,
     "notReadAnswerCnt" : 0,
     "companyCode" : null,
     "seq" : 529588,
     "cid" : "cid_22c002e1c2a17d6a8a47cc219d99213a7f0a50adf8449a47ba6c27026783"
   },
   {
     "companyCode" : null,
     "allow" : null,
     "seq" : 529456,
     "lastAnswerHospital" : {
       "lat" : 37.484287999999999,
       "distance" : 0.021183977344888003,
       "addrDong" : null,
       "lon" : 127.042315,
       "addrJibun" : "서울특별시 강남구 도곡동 514-2 유니북스빌딩",
       "addrRoad" : "서울특별시 강남구 논현로 164(도곡동)",
       "hospitalName" : "테스트-파인카병원"
     },
     "hashtag" : null,
     "myAnswerCnt" : null,
     "notReadAnswerCnt" : 0,
     "displayRegDate" : "2021.08.18",
     "listImage" : null,
     "regDate" : 1629249300000,
     "tagList" : [
       {
         "tagName" : "한방재활의학과",
         "tagKey" : 32
       }
     ],
     "companyName" : null,
     "uid" : "system",
     "textContent" : "ㅇ\n\n\n",
     "editorType" : "TE_SUMMERNOTE",
     "symptom" : null,
     "cid" : "c-sGIuOsI-1tchv20-NOEd",
     "type" : "Q",
     "status" : "Y",
     "consultDistance" : null,
     "title" : "교통사고 보험 절차와 필요한 서류 알려주세요",
     "tagNameList" : "한방재활의학과",
     "medicalDep" : "10132",
     "medicalDepName" : "한방재활의학과",
     "lastAnswer" : {
       "mediaType" : "TEXT",
       "seq" : 529457,
       "companyName" : "테스트-파인카병원",
       "profileImg" : null,
       "regDate" : 1629541799000,
       "expertTypeName" : "한의사",
       "image" : null,
       "expertType" : "ORIENTAL",
       "likeCnt" : 0,
       "video" : {
         "thumbnail" : null,
         "filePath" : null,
         "youtubeId" : null,
         "youtubeState" : null,
         "fileName" : null,
         "height" : null,
         "width" : null
       },
       "alarmYn" : "Y",
       "content" : "안녕하세요, 닥톡-네이버 지식iN 상담한의사 테스트-파인카네트워크입니다.\n ㅇ\n\n\n",
       "displayRegDate" : "2021.08.21",
       "userName" : "테스트-파인카네트워크"
     },
     "myWritingYn" : null,
     "readCnt" : 18,
     "answerCnt" : 1,
     "lon" : null,
     "lat" : null
   },
   {
     "companyCode" : null,
     "allow" : null,
     "seq" : 529458,
     "lastAnswerHospital" : {
       "lat" : 37.484287999999999,
       "distance" : 0.021183977344888003,
       "addrDong" : null,
       "lon" : 127.042315,
       "addrJibun" : "서울특별시 강남구 도곡동 514-2 유니북스빌딩",
       "addrRoad" : "서울특별시 강남구 논현로 164(도곡동)",
       "hospitalName" : "테스트-파인카병원"
     },
     "hashtag" : null,
     "myAnswerCnt" : null,
     "notReadAnswerCnt" : 0,
     "displayRegDate" : "2021.08.12",
     "listImage" : null,
     "regDate" : 1628740050000,
     "tagList" : [
       {
         "tagName" : "개발용",
         "tagKey" : 1161
       },
       {
         "tagName" : "테스트",
         "tagKey" : 178
       }
     ],
     "companyName" : null,
     "uid" : "system",
     "textContent" : "ㅇ\n \n\n",
     "editorType" : "TE_SUMMERNOTE",
     "symptom" : null,
     "cid" : "c-sGOuYVP-1tchv20-7URA",
     "type" : "Q",
     "status" : "Y",
     "consultDistance" : null,
     "title" : "자동차 사고 보험 처리 과정 알려주세요",
     "tagNameList" : "테스트,개발용",
     "medicalDep" : "10132",
     "medicalDepName" : "한방재활의학과",
     "lastAnswer" : {
       "mediaType" : "TEXT",
       "seq" : 529459,
       "companyName" : "테스트-파인카병원",
       "profileImg" : null,
       "regDate" : 1629630376000,
       "expertTypeName" : "한의사",
       "image" : null,
       "expertType" : "ORIENTAL",
       "likeCnt" : 0,
       "video" : {
         "thumbnail" : null,
         "filePath" : null,
         "youtubeId" : null,
         "youtubeState" : null,
         "fileName" : null,
         "height" : null,
         "width" : null
       },
       "alarmYn" : "Y",
       "content" : "안녕하세요, 닥톡-네이버 지식iN 상담한의사 테스트-파인카네트워크입니다.\n ㅁㄴㅇ\n \n\n",
       "displayRegDate" : "2021.08.22",
       "userName" : "테스트-파인카네트워크"
     },
     "myWritingYn" : null,
     "readCnt" : 9,
     "answerCnt" : 1,
     "lon" : null,
     "lat" : null
   },
   {
     "companyCode" : null,
     "allow" : null,
     "seq" : 528966,
     "lastAnswerHospital" : {
       "lat" : 37.654519041803901,
       "distance" : 18.987262579970256,
       "addrDong" : null,
       "lon" : 127.05629721243901,
       "addrJibun" : "서울특별시 노원구 상계동 701-1 노원구청",
       "addrRoad" : "서울특별시 노원구 노해로 437(상계동)",
       "hospitalName" : "닥프렌즈 병원"
     },
     "hashtag" : null,
     "myAnswerCnt" : null,
     "notReadAnswerCnt" : 0,
     "displayRegDate" : "2021.07.07",
     "listImage" : "https:\/\/img.doctalk.co.kr",
     "regDate" : 1625621908000,
     "tagList" : [
       {
         "tagName" : "한방내과",
         "tagKey" : 180
       }
     ],
     "companyName" : null,
     "uid" : "system",
     "textContent" : "sjsjd\n \n \n\n",
     "editorType" : "TE_SUMMERNOTE",
     "symptom" : null,
     "cid" : "c-sCrdTSl-iYwMM0-65qL",
     "type" : "Q",
     "status" : "Y",
     "consultDistance" : null,
     "title" : "dnjd(anmamamsma 신생아\/남 sbbsbbdb)",
     "tagNameList" : "한방내과",
     "medicalDep" : "10125",
     "medicalDepName" : "한방내과",
     "lastAnswer" : {
       "mediaType" : "IMAGE",
       "seq" : 528967,
       "companyName" : "닥프렌즈 병원",
       "profileImg" : "https:\/\/img.doctalk.co.kr\/dev\/user\/image\/20210705\/3THjhgAj-5GxK-5ivY-aOv8-dWRnvEf25ld3.png",
       "regDate" : 1625621916000,
       "expertTypeName" : "한의사",
       "image" : "https:\/\/img.doctalk.co.kr\/dev\/health_consult\/image\/20210707\/1smn7MII-69b9-4PZn-aA34-mCnekta0CNmh.png",
       "expertType" : "ORIENTAL",
       "likeCnt" : 0,
       "video" : {
         "thumbnail" : null,
         "filePath" : null,
         "youtubeId" : null,
         "youtubeState" : null,
         "fileName" : null,
         "height" : null,
         "width" : null
       },
       "alarmYn" : "Y",
       "content" : "안녕하세요, 닥톡-네이버 지식iN 상담한의사 shjdjdj입니다.\n shshsh\n \n \n \n\n",
       "displayRegDate" : "2021.07.07",
       "userName" : "shjdjdj"
     },
     "myWritingYn" : null,
     "readCnt" : 61,
     "answerCnt" : 1,
     "lon" : null,
     "lat" : null
   },
   {
     "companyCode" : null,
     "allow" : null,
     "seq" : 528710,
     "lastAnswerHospital" : {
       "lat" : 37.492426999999999,
       "distance" : 1.3558975717315671,
       "addrDong" : null,
       "lon" : 127.03092100000001,
       "addrJibun" : "서울특별시 강남구 역삼동 832-3 강남역 쉐르빌",
       "addrRoad" : "서울특별시 강남구 강남대로 328(역삼동)",
       "hospitalName" : "닥톡 병원112"
     },
     "hashtag" : null,
     "myAnswerCnt" : null,
     "notReadAnswerCnt" : 0,
     "displayRegDate" : "2021.04.19",
     "listImage" : null,
     "regDate" : 1618832608000,
     "tagList" : [
       {
         "tagName" : "흑미차",
         "tagKey" : 1130
       }
     ],
     "companyName" : null,
     "uid" : "system",
     "textContent" : "ㅁㄹㄴㅇㄹㄴㅁㄹ\n \n\n",
     "editorType" : "TE_SUMMERNOTE",
     "symptom" : null,
     "cid" : "c-sv1KEPs-1v7e860-AfTL",
     "type" : "Q",
     "status" : "Y",
     "consultDistance" : null,
     "title" : "흑미차3 (흑미차 30대초반\/남 흑미차)",
     "tagNameList" : "흑미차",
     "medicalDep" : "10126",
     "medicalDepName" : "한방부인과",
     "lastAnswer" : {
       "mediaType" : "AUDIO",
       "seq" : 528713,
       "companyName" : "닥톡 병원112",
       "profileImg" : "https:\/\/img.doctalk.co.kr\/dev\/user\/image\/20211105\/4eWvJG3Z-4ll1-4RIj-9GpD-1eASTK9x6qLP.jpg.png",
       "regDate" : 1618833463000,
       "expertTypeName" : "한의사",
       "image" : null,
       "expertType" : "ORIENTAL",
       "likeCnt" : 37,
       "video" : {
         "thumbnail" : "",
         "filePath" : "https:\/\/docfriends.s3.ap-northeast-2.amazonaws.com\/dev\/deepslide\/video\/20210419\/2it2qdw5-agDj-4Loc-aAHR-ANhKZ86qrzO4.mp4?X-Amz-Algorithm=AWS4-HMAC-SHA256&X-Amz-Date=20211110T052356Z&X-Amz-SignedHeaders=host&X-Amz-Expires=600&X-Amz-Credential=AKIAJHIAZX4VSANQUSUA%2F20211110%2Fap-northeast-2%2Fs3%2Faws4_request&X-Amz-Signature=b5462a231a39bcd483f8d9d3e643d4acc14743c2e66a49766dbbcd9925972f65",
         "youtubeId" : null,
         "youtubeState" : "unknown",
         "fileName" : "2it2qdw5-agDj-4Loc-aAHR-ANhKZ86qrzO4.mp4",
         "height" : null,
         "width" : null
       },
       "alarmYn" : "Y",
       "content" : "안녕하세요, 닥톡-네이버 지식iN 상담한의사 의사2입니다.\n 흑미차맛\n \n\n",
       "displayRegDate" : "2021.04.19",
       "userName" : "의사2"
     },
     "myWritingYn" : null,
     "readCnt" : 71,
     "answerCnt" : 3,
     "lon" : null,
     "lat" : null
   },
   {
     "companyCode" : null,

     "allow" : null,
     "seq" : 528617,
     "lastAnswerHospital" : {
       "lat" : 35.822693999999998,
       "distance" : 223.48703890690902,
       "addrDong" : null,
       "lon" : 128.452112,
       "addrJibun" : "경상북도 고령군 다산면 상곡리 134-2 다산행정복합타운",
       "addrRoad" : "경상북도 고령군 다산면 다산로 681",
       "hospitalName" : "영도한의원_test"
     },
     "hashtag" : null,
     "myAnswerCnt" : null,
     "notReadAnswerCnt" : 0,
     "displayRegDate" : "2021.02.25",
     "listImage" : null,
     "regDate" : 1614228481000,
     "tagList" : [
       {
         "tagKey" : 180,
         "tagName" : "한방내과"
       }
     ],
     "companyName" : null,
     "uid" : "system",
     "textContent" : "등록 테스트\n 등록 테스트\n 등록 테스트\n \n\n",
     "editorType" : "TE_SUMMERNOTE",
     "symptom" : null,
     "cid" : "c-sq0bK8c-1k7aZT0-tHqB",
     "type" : "Q",
     "status" : "Y",
     "consultDistance" : null,
     "title" : "닥톡 등록 테스트(서울특별시 20\/)",
     "tagNameList" : "한방내과",
     "medicalDep" : "10125",
     "medicalDepName" : "한방내과",
     "lastAnswer" : {
       "seq" : 528618,
       "displayRegDate" : "2021.02.25",
       "companyName" : "영도한의원_test",
       "video" : {
         "width" : null,
         "youtubeId" : null,
         "thumbnail" : null,
         "filePath" : null,
         "youtubeState" : null,
         "height" : null,
         "fileName" : null
       },
       "mediaType" : "TEXT",
       "alarmYn" : "Y",
       "userName" : "영도한의원_test",
       "regDate" : 1614231515000,
       "expertType" : "ORIENTAL",
       "content" : "안녕하세요, 닥톡-네이버 지식iN 상담한의사 영도한의원_test입니다.\n 답변 등록\n 답변 등록\n \n\n",
       "profileImg" : null,
       "image" : null,
       "expertTypeName" : "한의사",
       "likeCnt" : 0
     },
     "myWritingYn" : null,
     "readCnt" : 12,
     "answerCnt" : 1,
     "lon" : null,
     "lat" : null
   },
   {
     "allow" : null,
     "tagList" : [
       {
         "tagName" : "한방내과",
         "tagKey" : 180
       }
     ],
     "regDate" : 1614220306000,
     "myWritingYn" : null,
     "readCnt" : 29,
     "companyName" : null,
     "tagNameList" : "한방내과",
     "myAnswerCnt" : null,
     "textContent" : "닥톡 등록 테스트입니다.\n 테스트입니다.\n \n\n",
     "lat" : null,
     "medicalDepName" : "한방내과",
     "listImage" : null,
     "lastAnswerHospital" : {
       "distance" : 223.48703890690902,
       "lat" : 35.822693999999998,
       "addrJibun" : "경상북도 고령군 다산면 상곡리 134-2 다산행정복합타운",
       "lon" : 128.452112,
       "addrRoad" : "경상북도 고령군 다산면 다산로 681",
       "hospitalName" : "영도한의원_test",
       "addrDong" : null
     },
     "hashtag" : null,
     "symptom" : null,
     "editorType" : "TE_SUMMERNOTE",
     "uid" : "system",
     "consultDistance" : null,
     "title" : "닥톡 등록 테스트",
     "status" : "Y",
     "type" : "Q",
     "medicalDep" : "10125",
     "displayRegDate" : "2021.02.25",
     "answerCnt" : 1,
     "lastAnswer" : {
       "displayRegDate" : "2021.02.25",
       "userName" : "영도한의원_test",
       "image" : null,
       "alarmYn" : "Y",
       "companyName" : "영도한의원_test",
       "expertType" : "ORIENTAL",
       "seq" : 528616,
       "regDate" : 1614220359000,
       "video" : {
         "thumbnail" : null,
         "filePath" : null,
         "width" : null,
         "fileName" : null,
         "youtubeState" : null,
         "youtubeId" : null,
         "height" : null
       },
       "content" : "안녕하세요, 닥톡-네이버 지식iN 상담한의사 영도한의원_test입니다.\n 닥톡 답변 테스트입니다.\n \n\n",
       "mediaType" : "TEXT",
       "likeCnt" : 0,
       "expertTypeName" : "한의사",
       "profileImg" : null
     },
     "lon" : null,
     "notReadAnswerCnt" : 0,
     "companyCode" : null,
     "seq" : 528615,
     "cid" : "c-spZCD7I-1k7aZT0-87AB"
   },
   {
     "textContent" : "안녕하세요.\n 제이름은 디디입니다..\n 줄바꿈이 잘되나요.\n 저는 잘 모르겠네요..\n 디디디디\n \n\n",
     "readCnt" : 89,
     "companyCode" : null,
     "lastAnswerHospital" : {
       "distance" : 0.021220109730741569,
       "lat" : 37.484288374000002,
       "addrJibun" : "서울특별시 강남구 도곡동 514-2 유니북스빌딩",
       "lon" : 127.04231503832899,
       "addrRoad" : "서울특별시 강남구 논현로 164(도곡동)",
       "hospitalName" : "Almighty_도곡양재차엔박",
       "addrDong" : null
     },
     "lon" : null,
     "symptom" : null,
     "lastAnswer" : {
       "displayRegDate" : "2021.03.18",
       "userName" : "서양훈",
       "image" : null,
       "alarmYn" : "Y",
       "companyName" : "Almighty_도곡양재차엔박",
       "expertType" : "DOCTOR",
       "seq" : 528642,
       "regDate" : 1616048041000,
       "video" : {
         "thumbnail" : "",
         "filePath" : "https:\/\/docfriends.s3.ap-northeast-2.amazonaws.com\/dev\/deepslide\/video\/20210318\/1Olkhmg0-4XL9-4Hxn-cINH-vZb9TMLBczn5.mp4?X-Amz-Algorithm=AWS4-HMAC-SHA256&X-Amz-Date=20211110T052356Z&X-Amz-SignedHeaders=host&X-Amz-Expires=600&X-Amz-Credential=AKIAJHIAZX4VSANQUSUA%2F20211110%2Fap-northeast-2%2Fs3%2Faws4_request&X-Amz-Signature=5854776da5d2e19fd16531e3d0c200ca7bc5cf391e105b8bcb744e1239e6afe5",
         "width" : null,
         "fileName" : "1Olkhmg0-4XL9-4Hxn-cINH-vZb9TMLBczn5.mp4",
         "youtubeState" : "unknown",
         "youtubeId" : null,
         "height" : null
       },
       "content" : "안녕하세요, 닥톡-네이버 지식iN 상담의사 88880001입니다.\n 한미 양측은 또 주한미군이 한반도 및 역내 평화\n 미국 바이든 행정부 취임 이후 첫 한미 공동성명입니다.\n 미국 바이든 행정부 취임 이후 첫 한미 공동성명입니다.\n\n\n",
       "mediaType" : "AUDIO",
       "likeCnt" : 0,
       "expertTypeName" : "의사",
       "profileImg" : "https:\/\/img.doctalk.co.kr\/dev\/user\/image\/20210107\/4FuWy6yf-7FFq-4Ykj-c6Dv-ipC1x8aZIcQO.png"
     },
     "notReadAnswerCnt" : 0,
     "lat" : null,
     "consultDistance" : null,
     "tagNameList" : "aasfdasdf",
     "companyName" : null,
     "uid" : "system",
     "type" : "Q",
     "myWritingYn" : null,
     "editorType" : "TE_SUMMERNOTE",
     "myAnswerCnt" : null,
     "answerCnt" : 9,
     "medicalDep" : "10108",
     "cid" : "c-spV1mt4-167Wp30-v6r9",
     "status" : "Y",
     "hashtag" : null,
     "seq" : 528611,
     "regDate" : 1614152491000,
     "listImage" : null,
     "displayRegDate" : "2021.02.24",
     "tagList" : [
       {
         "tagName" : "aasfdasdf",
         "tagKey" : 1113
       }
     ],
     "allow" : null,
     "medicalDepName" : "이비인후과",
     "title" : "asfad(adsfs 소아\/남 asfddsa)"
   },
   {
     "textContent" : "ㄷ\n",
     "readCnt" : 5,
     "companyCode" : null,
     "lastAnswerHospital" : {
       "addrJibun" : "서울특별시 강남구 자곡동 596 강남 더샵 라르고",
       "lon" : 127.10471374014773,
       "distance" : 5.6030274575352399,
       "lat" : 37.47537659410164,
       "addrDong" : null,
       "hospitalName" : "닥닥 병원(중지해도되는닥닥)",
       "addrRoad" : "서울특별시 강남구 자곡로 201 (자곡동)"
     },
     "lon" : null,
     "symptom" : null,
     "lastAnswer" : {
       "seq" : 528610,
       "displayRegDate" : "2021.02.24",
       "companyName" : "닥닥 병원(중지해도되는닥닥)",
       "video" : {
         "width" : null,
         "youtubeId" : null,
         "thumbnail" : null,
         "filePath" : null,
         "youtubeState" : null,
         "height" : null,
         "fileName" : null
       },
       "mediaType" : "TEXT",
       "alarmYn" : "Y",
       "userName" : "우아성한의원 테스트 계정",
       "regDate" : 1614147777000,
       "expertType" : "ORIENTAL",
       "content" : "안녕하세요, 닥톡-네이버 지식iN 상담한의사 우아성한의원 테스트 계정입니다.\n \n\n",
       "profileImg" : "https:\/\/img.doctalk.co.kr\/doctalk\/res\/dev\/2019\/01\/17\/41cWFzww-fzyJ-4NtN-93IM-1hQQ2W9zURpW.png",
       "image" : null,
       "expertTypeName" : "한의사",
       "likeCnt" : 1
     },
     "notReadAnswerCnt" : 0,
     "lat" : null,
     "consultDistance" : null,
     "tagNameList" : "한방내과",
     "companyName" : null,
     "uid" : "system",
     "type" : "Q",
     "myWritingYn" : null,
     "editorType" : "TE_SUMMERNOTE",
     "myAnswerCnt" : null,
     "answerCnt" : 1,
     "medicalDep" : "10125",
     "cid" : "c-spUDwLW-2gifsR0-vhMp",
     "status" : "Y",
     "hashtag" : null,
     "seq" : 528609,
     "regDate" : 1614147777000,
     "listImage" : null,
     "displayRegDate" : "2021.02.24",
     "tagList" : [
       {
         "tagKey" : 180,
         "tagName" : "한방내과"
       }
     ],
     "allow" : null,
     "medicalDepName" : "한방내과",
     "title" : "공진단"
   },
   {
     "allow" : null,
     "tagList" : [
       {
         "tagKey" : 180,
         "tagName" : "한방내과"
       }
     ],
     "regDate" : 1614147764000,
     "myWritingYn" : null,
     "readCnt" : 20,
     "companyName" : null,
     "tagNameList" : "한방내과",
     "myAnswerCnt" : null,
     "textContent" : "ㄱ\n",
     "lat" : null,
     "medicalDepName" : "한방내과",
     "listImage" : null,
     "lastAnswerHospital" : {
       "lat" : 37.47537659410164,
       "addrRoad" : "서울특별시 강남구 자곡로 201 (자곡동)",
       "addrJibun" : "서울특별시 강남구 자곡동 596 강남 더샵 라르고",
       "hospitalName" : "닥닥 병원(중지해도되는닥닥)",
       "lon" : 127.10471374014773,
       "distance" : 5.6030274575352399,
       "addrDong" : null
     },
     "hashtag" : null,
     "symptom" : null,
     "editorType" : "TE_SUMMERNOTE",
     "uid" : "system",
     "consultDistance" : null,
     "title" : "다이어트",
     "status" : "Y",
     "type" : "Q",
     "medicalDep" : "10125",
     "displayRegDate" : "2021.02.24",
     "answerCnt" : 1,
     "lastAnswer" : {
       "seq" : 528608,
       "displayRegDate" : "2021.02.24",
       "companyName" : "닥닥 병원(중지해도되는닥닥)",
       "video" : {
         "width" : null,
         "youtubeId" : null,
         "filePath" : null,
         "youtubeState" : null,
         "fileName" : null,
         "thumbnail" : null,
         "height" : null
       },
       "mediaType" : "TEXT",
       "alarmYn" : "Y",
       "userName" : "우아성한의원 테스트 계정",
       "regDate" : 1614147764000,
       "expertType" : "ORIENTAL",
       "content" : "안녕하세요, 닥톡-네이버 지식iN 상담한의사 우아성한의원 테스트 계정입니다.\n \n\n",
       "profileImg" : "https:\/\/img.doctalk.co.kr\/doctalk\/res\/dev\/2019\/01\/17\/41cWFzww-fzyJ-4NtN-93IM-1hQQ2W9zURpW.png",
       "image" : null,
       "expertTypeName" : "한의사",
       "likeCnt" : 1
     },
     "lon" : null,
     "notReadAnswerCnt" : 0,
     "companyCode" : null,
     "seq" : 528607,
     "cid" : "c-spUDtvW-2gifsR0-kLm6"
   },
   {
     "allow" : null,
     "tagList" : [
       {
         "tagKey" : 261,
         "tagName" : "test"
       },
       {
         "tagKey" : 364,
         "tagName" : "답변테스트"
       },
       {
         "tagKey" : 32,
         "tagName" : "한방재활의학과"
       }
     ],
     "regDate" : 1614144642000,
     "myWritingYn" : null,
     "readCnt" : 34,
     "companyName" : null,
     "tagNameList" : "test,답변테스트,한방재활의학과",
     "myAnswerCnt" : null,
     "textContent" : "\n \n\n",
     "lat" : null,
     "medicalDepName" : "의치, 임플란트",
     "listImage" : "https:\/\/img.doctalk.co.kr",
     "lastAnswerHospital" : {
       "lat" : 37.492426999999999,
       "lon" : 127.03092100000001,
       "addrDong" : null,
       "addrRoad" : "서울특별시 강남구 강남대로 328(역삼동)",
       "addrJibun" : "서울특별시 강남구 역삼동 832-3 강남역 쉐르빌",
       "distance" : 1.3558975717315671,
       "hospitalName" : "10083"
     },
     "hashtag" : null,
     "symptom" : null,
     "editorType" : "TE_SUMMERNOTE",
     "uid" : "system",
     "consultDistance" : null,
     "title" : "테스트(강남 소아\/남 러런) (강남 소아\/남)",
     "status" : "Y",
     "type" : "Q",
     "medicalDep" : "10136",
     "displayRegDate" : "2021.02.24",
     "answerCnt" : 2,
     "lastAnswer" : {
       "seq" : 528734,
       "displayRegDate" : "2021.05.06",
       "companyName" : "10083",
       "video" : {
         "width" : null,
         "thumbnail" : "",
         "filePath" : "https:\/\/docfriends.s3.ap-northeast-2.amazonaws.com\/dev\/deepslide\/video\/20210506\/3QE7DwSf-cITh-4ywE-bsMi-12uVdw8O3ff3.mp4?X-Amz-Algorithm=AWS4-HMAC-SHA256&X-Amz-Date=20211110T052356Z&X-Amz-SignedHeaders=host&X-Amz-Expires=600&X-Amz-Credential=AKIAJHIAZX4VSANQUSUA%2F20211110%2Fap-northeast-2%2Fs3%2Faws4_request&X-Amz-Signature=515986a81456a370b2a4398fd99a5b5a03d86ebd333a42566403c73c1c853e9f",
         "youtubeState" : "unknown",
         "youtubeId" : null,
         "fileName" : "3QE7DwSf-cITh-4ywE-bsMi-12uVdw8O3ff3.mp4",
         "height" : null
       },
       "mediaType" : "AUDIO",
       "alarmYn" : "N",
       "userName" : "호admin",
       "regDate" : 1620266454000,
       "expertType" : "DENTAL",
       "content" : "안녕하세요, 닥톡-네이버 지식iN 상담치의사 호admin입니다.\n 입력칸의 권장 길이는 55자 입니다.\n\n\n",
       "profileImg" : null,
       "image" : null,
       "expertTypeName" : "치의사",
       "likeCnt" : 0
     },
     "lon" : null,
     "notReadAnswerCnt" : 0,
     "companyCode" : null,
     "seq" : 528597,
     "cid" : "c-spUuGEv-1OuLPa0-vDwZ"
   },
   {
     "allow" : null,
     "tagList" : [
       {
         "tagKey" : 261,
         "tagName" : "test"
       }
     ],
     "regDate" : 1614144499000,
     "myWritingYn" : null,
     "readCnt" : 19,
     "companyName" : null,
     "tagNameList" : "test",
     "myAnswerCnt" : null,
     "textContent" : "xxi\n \n\n",
     "lat" : null,
     "medicalDepName" : "이비인후과",
     "listImage" : null,
     "lastAnswerHospital" : {
       "lat" : 37.47537659410164,
       "lon" : 127.10471374014773,
       "addrDong" : null,
       "addrRoad" : "서울특별시 강남구 자곡로 201 (자곡동)",
       "addrJibun" : "서울특별시 강남구 자곡동 596 강남 더샵 라르고",
       "distance" : 5.6030274575352399,
       "hospitalName" : "닥닥 병원(중지해도되는닥닥)"
     },
     "hashtag" : null,
     "symptom" : null,
     "editorType" : "TE_SUMMERNOTE",
     "uid" : "system",
     "consultDistance" : null,
     "title" : "zx(shhdhs 신생아\/남 zbbxb)",
     "status" : "Y",
     "type" : "Q",
     "medicalDep" : "10108",
     "displayRegDate" : "2021.02.24",
     "answerCnt" : 2,
     "lastAnswer" : {
       "seq" : 528676,
       "displayRegDate" : "2021.04.05",
       "companyName" : "닥닥 병원(중지해도되는닥닥)",
       "video" : {
         "width" : 1280,
         "thumbnail" : "https:\/\/i.ytimg.com\/vi\/t0H46SDunyo\/hqdefault.jpg",
         "filePath" : "https:\/\/docfriends.s3.ap-northeast-2.amazonaws.com\/dev\/health_consult\/video\/20210405\/2sMxV89e-156S-4zO7-8yQM-1gS6sDVQ5lgG.mp4?X-Amz-Algorithm=AWS4-HMAC-SHA256&X-Amz-Date=20211110T052356Z&X-Amz-SignedHeaders=host&X-Amz-Expires=600&X-Amz-Credential=AKIAJHIAZX4VSANQUSUA%2F20211110%2Fap-northeast-2%2Fs3%2Faws4_request&X-Amz-Signature=99a3932095b7fb5a6cf75264a8d96b6345eb98cfb10a9bb3269ca4d2095e8cab",
         "youtubeState" : "processed",
         "youtubeId" : "t0H46SDunyo",
         "fileName" : "20210317_143725.mp4",
         "height" : 720
       },
       "mediaType" : "VIDEO",
       "alarmYn" : "Y",
       "userName" : "박준걸",
       "regDate" : 1617612250000,
       "expertType" : "DOCTOR",
       "content" : "안녕하세요, 닥톡-네이버 지식iN 상담의사 박준걸입니다.\n 테스트\n\n\n",
       "profileImg" : "https:\/\/img.doctalk.co.kr\/dev\/user\/image\/20211101\/YA6RvAhL-ciwE-5dA4-cbSU-16ggr1cPnHFR.png",
       "image" : null,
       "expertTypeName" : "의사",
       "likeCnt" : 7
     },
     "lon" : null,
     "notReadAnswerCnt" : 0,
     "companyCode" : null,
     "seq" : 528595,
     "cid" : "c-spUtTOw-iYwMM0-QRvj"
   },
   {
     "allow" : null,
     "tagList" : [
       {
         "tagKey" : 1010,
         "tagName" : "감기몸살"
       },
       {
         "tagKey" : 364,
         "tagName" : "답변테스트"
       }
     ],
     "regDate" : 1614144233000,
     "myWritingYn" : null,
     "readCnt" : 17,
     "companyName" : null,
     "tagNameList" : "감기몸살,답변테스트",
     "myAnswerCnt" : null,
     "textContent" : "테스트\n \n\n",
     "lat" : null,
     "medicalDepName" : "의치, 임플란트",
     "listImage" : null,
     "lastAnswerHospital" : {
       "lon" : 127,
       "distance" : 53.962074640904,
       "addrJibun" : "",
       "hospitalName" : "닥프렌즈병원",
       "addrDong" : null,
       "addrRoad" : "",
       "lat" : 37
     },
     "hashtag" : null,
     "symptom" : null,
     "editorType" : "TE_SUMMERNOTE",
     "uid" : "system",
     "consultDistance" : null,
     "title" : "테스트(강남 신생아\/남 테스트)",
     "status" : "Y",
     "type" : "Q",
     "medicalDep" : "10136",
     "displayRegDate" : "2021.02.24",
     "answerCnt" : 1,
     "lastAnswer" : {
       "seq" : 528594,
       "displayRegDate" : "2021.02.24",
       "companyName" : "닥프렌즈병원",
       "video" : {
         "height" : null,
         "fileName" : "VOD_20210219152145000.mov",
         "filePath" : "https:\/\/docfriends.s3.ap-northeast-2.amazonaws.com\/dev\/health_consult\/video\/20210224\/4slWksCr-as5K-4QaR-91l6-1h8LoXfQmMtH.mp4?X-Amz-Algorithm=AWS4-HMAC-SHA256&X-Amz-Date=20211110T052356Z&X-Amz-SignedHeaders=host&X-Amz-Expires=600&X-Amz-Credential=AKIAJHIAZX4VSANQUSUA%2F20211110%2Fap-northeast-2%2Fs3%2Faws4_request&X-Amz-Signature=3199d64f7bd49edc646f67c63dc0e2637f084b6a43e405f37935fb1ae4ac29aa",
         "youtubeState" : "quotaExceeded",
         "width" : null,
         "youtubeId" : null,
         "thumbnail" : ""
       },
       "mediaType" : "AUDIO",
       "alarmYn" : "Y",
       "userName" : "명빈",
       "regDate" : 1614144259000,
       "expertType" : "ORIENTAL",
       "content" : "안녕하세요, 닥톡-네이버 지식iN 상담치의사 명빈입니다.\n ㅊㄹㅇ\n \n\n",
       "profileImg" : "https:\/\/img.doctalk.co.kr\/dev\/user\/image\/20210224\/1EUq16nT-3BTy-53Tp-9JQb-OArfwyCaOtAb.png",
       "image" : null,
       "expertTypeName" : "한의사",
       "likeCnt" : 0
     },
     "lon" : null,
     "notReadAnswerCnt" : 0,
     "companyCode" : null,
     "seq" : 528593,
     "cid" : "c-spUsOFV-1OuLPa0-oRlA"
   },
   {
     "allow" : null,
     "tagList" : [
       {
         "tagKey" : 261,
         "tagName" : "test"
       },
       {
         "tagKey" : 364,
         "tagName" : "답변테스트"
       }
     ],
     "regDate" : 1614144210000,
     "myWritingYn" : null,
     "readCnt" : 4,
     "companyName" : null,
     "tagNameList" : "test,답변테스트",
     "myAnswerCnt" : null,
     "textContent" : "노어어\n \n\n",
     "lat" : null,
     "medicalDepName" : "의치, 임플란트",
     "listImage" : null,
     "lastAnswerHospital" : {
       "lon" : 127,
       "distance" : 53.962074640904,
       "addrJibun" : "",
       "hospitalName" : "닥프렌즈병원",
       "addrDong" : null,
       "addrRoad" : "",
       "lat" : 37
     },
     "hashtag" : null,
     "symptom" : null,
     "editorType" : "TE_SUMMERNOTE",
     "uid" : "system",
     "consultDistance" : null,
     "title" : "테스트(강남 초등학생\/남 테스츠)",
     "status" : "Y",
     "type" : "Q",
     "medicalDep" : "10136",
     "displayRegDate" : "2021.02.24",
     "answerCnt" : 1,
     "lastAnswer" : {
       "seq" : 528592,
       "displayRegDate" : "2021.02.24",
       "companyName" : "닥프렌즈병원",
       "video" : {
         "height" : null,
         "fileName" : null,
         "filePath" : null,
         "youtubeState" : null,
         "width" : null,
         "youtubeId" : null,
         "thumbnail" : null
       },
       "mediaType" : "TEXT",
       "alarmYn" : "Y",
       "userName" : "명빈",
       "regDate" : 1614144213000,
       "expertType" : "ORIENTAL",
       "content" : "안녕하세요, 닥톡-네이버 지식iN 상담치의사 명빈입니다.\n 테스투\n \n\n",
       "profileImg" : "https:\/\/img.doctalk.co.kr\/dev\/user\/image\/20210224\/1EUq16nT-3BTy-53Tp-9JQb-OArfwyCaOtAb.png",
       "image" : null,
       "expertTypeName" : "한의사",
       "likeCnt" : 0
     },
     "lon" : null,
     "notReadAnswerCnt" : 0,
     "companyCode" : null,
     "seq" : 528591,
     "cid" : "c-spUsCOa-1OuLPa0-fOSf"
   },
   {
     "allow" : null,
     "tagList" : [
       {
         "tagKey" : 261,
         "tagName" : "test"
       }
     ],
     "regDate" : 1614065862000,
     "myWritingYn" : null,
     "readCnt" : 4,
     "companyName" : null,
     "tagNameList" : "test",
     "myAnswerCnt" : null,
     "textContent" : " x\n \n\n",
     "lat" : null,
     "medicalDepName" : "이비인후과",
     "listImage" : null,
     "lastAnswerHospital" : {
       "hospitalName" : "닥프렌즈 병원",
       "addrJibun" : "서울특별시 노원구 상계동 701-1 노원구청",
       "addrDong" : null,
       "addrRoad" : "서울특별시 노원구 노해로 437(상계동)",
       "lat" : 37.654519041803901,
       "distance" : 18.987262579970256,
       "lon" : 127.05629721243901
     },
     "hashtag" : null,
     "symptom" : null,
     "editorType" : "TE_SUMMERNOTE",
     "uid" : "system",
     "consultDistance" : null,
     "title" : "xxi(zksjsjs 신생아\/남 shsh)",
     "status" : "Y",
     "type" : "Q",
     "medicalDep" : "10108",
     "displayRegDate" : "2021.02.23",
     "answerCnt" : 1,
     "lastAnswer" : {
       "seq" : 528588,
       "displayRegDate" : "2021.02.23",
       "companyName" : "닥프렌즈 병원",
       "video" : {
         "youtubeId" : null,
         "width" : null,
         "fileName" : "VOD_20191103101737000.mov",
         "filePath" : "https:\/\/docfriends.s3.ap-northeast-2.amazonaws.com\/dev\/health_consult\/video\/20210223\/152TPp9k-dULn-4HeC-8Xe5-1hSlLjkgh5xn.mp4?X-Amz-Algorithm=AWS4-HMAC-SHA256&X-Amz-Date=20211110T052356Z&X-Amz-SignedHeaders=host&X-Amz-Expires=600&X-Amz-Credential=AKIAJHIAZX4VSANQUSUA%2F20211110%2Fap-northeast-2%2Fs3%2Faws4_request&X-Amz-Signature=82c235ee56b4d3e1a624e5942078775845c8f8cee8347a2c0fd4145e1b11bc91",
         "youtubeState" : "quotaExceeded",
         "thumbnail" : "",
         "height" : null
       },
       "mediaType" : "AUDIO",
       "alarmYn" : "Y",
       "userName" : "shjdjdj",
       "regDate" : 1614065874000,
       "expertType" : "ORIENTAL",
       "content" : "안녕하세요, 닥톡-네이버 지식iN 상담의사 김관호입니다.\n z\n \n\n",
       "profileImg" : "https:\/\/img.doctalk.co.kr\/dev\/user\/image\/20210705\/3THjhgAj-5GxK-5ivY-aOv8-dWRnvEf25ld3.png",
       "image" : null,
       "expertTypeName" : "한의사",
       "likeCnt" : 0
     },
     "lon" : null,
     "notReadAnswerCnt" : 0,
     "companyCode" : null,
     "seq" : 528587,
     "cid" : "c-spP9Vph-iYwMM0-uknC"
   },
   {
     "allow" : null,
     "tagList" : [
       {
         "tagKey" : 261,
         "tagName" : "test"
       },
       {
         "tagKey" : 364,
         "tagName" : "답변테스트"
       }
     ],
     "regDate" : 1614047162000,
     "myWritingYn" : null,
     "readCnt" : 9,
     "companyName" : null,
     "tagNameList" : "test,답변테스트",
     "myAnswerCnt" : null,
     "textContent" : "와\n \n \n \n \n\n",
     "lat" : null,
     "medicalDepName" : "의치, 임플란트",
     "listImage" : "https:\/\/img.doctalk.co.kr",
     "lastAnswerHospital" : {
       "hospitalName" : "닥프렌즈병원",
       "addrJibun" : "",
       "addrDong" : null,
       "addrRoad" : "",
       "lat" : 37,
       "distance" : 53.962074640904,
       "lon" : 127
     },
     "hashtag" : null,
     "symptom" : null,
     "editorType" : "TE_SUMMERNOTE",
     "uid" : "system",
     "consultDistance" : null,
     "title" : "츄ㅓㅓ(ㄹ로ㅓ 30대초반\/남 ㅍ호ㅗ)",
     "status" : "Y",
     "type" : "Q",
     "medicalDep" : "10136",
     "displayRegDate" : "2021.02.23",
     "answerCnt" : 1,
     "lastAnswer" : {
       "seq" : 528586,
       "displayRegDate" : "2021.02.23",
       "companyName" : "닥프렌즈병원",
       "video" : {
         "youtubeId" : null,
         "width" : null,
         "fileName" : "VOD_20210208111436436.mov",
         "filePath" : "https:\/\/docfriends.s3.ap-northeast-2.amazonaws.com\/dev\/health_consult\/video\/20210223\/4FPH28TV-fo5V-5auu-ca23-NpAQCjWn10ao.mp4?X-Amz-Algorithm=AWS4-HMAC-SHA256&X-Amz-Date=20211110T052356Z&X-Amz-SignedHeaders=host&X-Amz-Expires=599&X-Amz-Credential=AKIAJHIAZX4VSANQUSUA%2F20211110%2Fap-northeast-2%2Fs3%2Faws4_request&X-Amz-Signature=f7e42109f88ce5bebd04796467b3ae5a70de77463fe1d99a64cb3c89d18ee4d3",
         "youtubeState" : "quotaExceeded",
         "thumbnail" : "",
         "height" : null
       },
       "mediaType" : "AUDIO",
       "alarmYn" : "Y",
       "userName" : "명빈",
       "regDate" : 1614047311000,
       "expertType" : "ORIENTAL",
       "content" : "안녕하세요, 닥톡-네이버 지식iN 상담치의사 명빈입니다.\n 화ㅏㅏ촤\n \n \n\n",
       "profileImg" : "https:\/\/img.doctalk.co.kr\/dev\/user\/image\/20210224\/1EUq16nT-3BTy-53Tp-9JQb-OArfwyCaOtAb.png",
       "image" : "https:\/\/img.doctalk.co.kr\/dev\/health_consult\/image\/20210223\/8FfwrQJq-4HCC-4kC4-a72E-QzdT9PnHVvi1.png",
       "expertTypeName" : "한의사",
       "likeCnt" : 0
     },
     "lon" : null,
     "notReadAnswerCnt" : 0,
     "companyCode" : null,
     "seq" : 528585,
     "cid" : "c-spNU30Z-1OuLPa0-8fta"
   },
   {
     "textContent" : "ㄷ\n",
     "readCnt" : 2,
     "companyCode" : null,
     "lastAnswerHospital" : {
       "addrRoad" : "서울특별시 강남구 자곡로 201 (자곡동)",
       "lat" : 37.47537659410164,
       "addrJibun" : "서울특별시 강남구 자곡동 596 강남 더샵 라르고",
       "distance" : 5.6030274575352399,
       "lon" : 127.10471374014773,
       "hospitalName" : "닥닥 병원(곡동)",
       "lat" : 37.47537659410164,
       "addrJibun" : "서울특별시 강남구 자곡동 596 강남 더샵 라르고",
       "distance" : 5.6030274575352399,
       "lon" : 127.10471374014773,
       "hospitalName" : "닥닥 병원(\354\244중지해도되는닥닥)",
       "addrDong" : null
     },
     "lon" : null,
     "symptom" : null,
     "lastAnswer" : {
       "userName" : "우아성한의원 테스트 계정",
       "content" : "안녕하세요, 닥톡-네이버 지식iN 상담한의사 우아성한의원 테스트 계정입니다.\n \n\n",
       "expertTypeName" : "한의사",
       "displayRegDate" : "2021.02.22",
       "mediaType" : "TEXT",
       "alarmYn" : "Y",
       "image" : null,
       "profileImg" : "https:\/\/img.doctalk.co.kr\/doctalk\/res\/dev\/2019\/01\/17\/41cWFzww-fzyJ-4NtN-93IM-1hQQ2W9zURpW.png",
       "expertType" : "ORIENTAL",
       "video" : {
         "filePath" : null,
         "youtubeState" : null,
         "width" : null,
         "fileName" : null,
         "height" : null,
         "youtubeId" : null,
         "thumbnail" : null
       },
       "seq" : 528584,
       "likeCnt" : 1,
       "regDate" : 1613985008000,
       "companyName" : "닥닥 병원(중지해도되는닥닥)"
     },
     "notReadAnswerCnt" : 0,
     "lat" : null,
     "consultDistance" : null,
     "tagNameList" : "한방내과",
     "companyName" : null,
     "uid" : "system",
     "type" : "Q",
     "myWritingYn" : null,
     "editorType" : "TE_SUMMERNOTE",
     "myAnswerCnt" : null,
     "answerCnt" : 1,
     "medicalDep" : "10125",
     "cid" : "c-spJCB4p-2gifsR0-RBJj",
     "status" : "Y",
     "hashtag" : null,
     "seq" : 528583,
     "regDate" : 1613985008000,
     "listImage" : null,
     "displayRegDate" : "2021.02.22",
     "tagList" : [
       {
         "tagKey" : 180,
         "tagName" : "한방내과"
       }
     ],
     "allow" : null,
     "medicalDepName" : "한방내과",
     "title" : "입원실 문의"
   },
   {
     "listImage" : null,
     "myWritingYn" : null,
     "tagNameList" : "한방내과",
     "regDate" : 1613984991000,
     "cid" : "c-spJCwOv-2gifsR0-Jkjj",
     "myAnswerCnt" : null,
     "tagList" : [
       {
         "tagKey" : 180,
         "tagName" : "한방내과"
       }
     ],
     "companyName" : null,
     "textContent" : "ㄷ\n",
     "answerCnt" : 1,
     "consultDistance" : null,
     "lat" : null,
     "symptom" : null,
     "notReadAnswerCnt" : 0,
     "displayRegDate" : "2021.02.22",
     "lastAnswer" : {
       "userName" : "우아성한의원 테스트 계정",
       "content" : "안녕하세요, 닥톡-네이버 지식iN 상담한의사 우아성한의원 테스트 계정입니다.\n \n\n",
       "expertTypeName" : "한의사",
       "displayRegDate" : "2021.02.22",
       "mediaType" : "TEXT",
       "alarmYn" : "Y",
       "image" : null,
       "profileImg" : "https:\/\/img.doctalk.co.kr\/doctalk\/res\/dev\/2019\/01\/17\/41cWFzww-fzyJ-4NtN-93IM-1hQQ2W9zURpW.png",
       "expertType" : "ORIENTAL",
       "video" : {
         "thumbnail" : null,
         "height" : null,
         "filePath" : null,
         "youtubeState" : null,
         "fileName" : null,
         "youtubeId" : null,
         "width" : null
       },
       "seq" : 528582,
       "likeCnt" : 1,
       "regDate" : 1613984991000,
       "companyName" : "닥닥 병원(중지해도되는닥닥)"
     },
     "seq" : 528581,
     "lon" : null,
     "hashtag" : null,
     "medicalDepName" : "한방내과",
     "readCnt" : 3,
     "editorType" : "TE_SUMMERNOTE",
     "status" : "Y",
     "lastAnswerHospital" : {
       "distance" : 5.6030274575352399,
       "lat" : 37.47537659410164,
       "hospitalName" : "닥닥 병원(중지해도되는닥닥)",
       "addrRoad" : "서울특별시 강남구 자곡로 201 (자곡동)",
       "lon" : 127.10471374014773,
       "addrJibun" : "서울특별시 강남구 자곡동 596 강남 더샵 라르고",
       "addrDong" : null
     },
     "companyCode" : null,
     "allow" : null,
     "type" : "Q",
     "medicalDep" : "10125",
     "title" : "다이어트",
     "uid" : "system"
   },
   {
     "listImage" : null,
     "myWritingYn" : null,
     "tagNameList" : "한방내과",
     "regDate" : 1613721330000,
     "cid" : "c-sprMhPI-2gifsR0-plbB",
     "myAnswerCnt" : null,
     "tagList" : [
       {
         "tagKey" : 180,
         "tagName" : "한방내과"
       }
     ],
     "companyName" : null,
     "textContent" : "ㄱ\n",
     "answerCnt" : 1,
     "consultDistance" : null,
     "lat" : null,
     "symptom" : null,
     "notReadAnswerCnt" : 0,
     "displayRegDate" : "2021.02.19",
     "lastAnswer" : {
       "userName" : "우아성한의원 테스트 계정",
       "content" : "안녕하세요, 닥톡-네이버 지식iN 상담한의사 우아성한의원 테스트 계정입니다.\n \n\n",
       "expertTypeName" : "한의사",
       "displayRegDate" : "2021.02.19",
       "mediaType" : "TEXT",
       "alarmYn" : "Y",
       "image" : null,
       "profileImg" : "https:\/\/img.doctalk.co.kr\/doctalk\/res\/dev\/2019\/01\/17\/41cWFzww-fzyJ-4NtN-93IM-1hQQ2W9zURpW.png",
       "expertType" : "ORIENTAL",
       "video" : {
         "fileName" : null,
         "youtubeState" : null,
         "youtubeId" : null,
         "thumbnail" : null,
         "filePath" : null,
         "height" : null,
         "width" : null
       },
       "seq" : 528577,
       "likeCnt" : 1,
       "regDate" : 1613721330000,
       "companyName" : "닥닥 병원(중지해도되는닥닥)"
     },
     "seq" : 528576,
     "lon" : null,
     "hashtag" : null,
     "medicalDepName" : "한방내과",
     "readCnt" : 0,
     "editorType" : "TE_SUMMERNOTE",
     "status" : "Y",
     "lastAnswerHospital" : {
       "lat" : 37.47537659410164,
       "addrRoad" : "서울특별시 강남구 자곡로 201 (자곡동)",
       "addrJibun" : "서울특별시 강남구 자곡동 596 강남 더샵 라르고",
       "addrDong" : null,
       "hospitalName" : "닥닥 병원(중지해도되는닥닥)",
       "lon" : 127.10471374014773,
       "distance" : 5.6030274575352399
     },
     "companyCode" : null,
     "allow" : null,
     "type" : "Q",
     "medicalDep" : "10125",
     "title" : "산후보약",
     "uid" : "system"
   },
   {
     "notReadAnswerCnt" : 0,
     "myAnswerCnt" : null,
     "editorType" : "TE_SUMMERNOTE",
     "status" : "Y",
     "medicalDep" : "10132",
     "uid" : "system",
     "companyName" : null,
     "lastAnswer" : {
       "content" : "안녕하세요, 닥톡-네이버 지식iN 상담한의사 의사2입니다.\n 그러나 기간 수 있으니 너시어 상담받아보시길 추천드립니다.\n 피부질환의 특성상 ...\n 님의니 가급적 빠른 시일 내에 내원하시길 바랍니다.\n ... \n 5555555\n",
       "mediaType" : "TEXT",
       "image" : null,
       "seq" : 103452,
       "video" : {
         "width" : null,
         "filePath" : null,
         "thumbnail" : null,
         "height" : null,
         "youtubeState" : null,
         "fileName" : null,
         "youtubeId" : null
       },
       "expertType" : "ORIENTAL",
       "profileImg" : "https:\/\/img.doctalk.co.kr\/dev\/user\/image\/20211105\/4eWvJG3Z-4ll1-4RIj-9GpD-1eASTK9x6qLP.jpg.png",
       "companyName" : "닥톡 병원112",
       "alarmYn" : "Y",
       "likeCnt" : 37,
       "displayRegDate" : "2020.12.09",
       "regDate" : 1607510426000,
       "expertTypeName" : "한의사",
       "userName" : "의사2"
     },
     "symptom" : null,
     "listImage" : null,
     "hashtag" : null,
     "displayRegDate" : "2020.12.09",
     "myWritingYn" : null,
     "lon" : null,
     "answerCnt" : 1,
     "seq" : 103451,
     "cid" : "c-siFxdH0-g9-C1zp",
     "type" : "Q",
     "consultDistance" : null,
     "tagList" : [
       {
         "tagName" : "한방재활의학과",
         "tagKey" : 32
       }
     ],
     "lastAnswerHospital" : {
       "lat" : 37.492426999999999,
       "addrRoad" : "서울특별시 강남구 강남대로 328(역삼동)",
       "addrDong" : null,
       "distance" : 1.3558975717315671,
       "hospitalName" : "닥톡 병원112",
       "addrJibun" : "서울특별시 강남구 역삼동 832-3 강남역 쉐르빌",
       "lon" : 127.03092100000001
     },
     "medicalDepName" : "한방재활의학과",
     "textContent" : "일주일 생겼네요 하...\n 이거 그냥 ?\n \n\n",
     "lat" : null,
     "readCnt" : 11,
     "tagNameList" : "한방재활의학과",
     "companyCode" : null,
     "title" : "엑셀전문가타입333",
     "regDate" : 1607510426000,
     "allow" : null
   }
 ]
}
