[
    {
      "allow" : "Y",
      "tagList" : [
        {
          "tagName" : "감기",
          "tagKey" : 188
        }
      ],
      "regDate" : 1635472394000,
      "myWritingYn" : null,
      "readCnt" : 22,
      "companyName" : null,
      "tagNameList" : "감기",
      "myAnswerCnt" : null,
      "textContent" : "ㅋㅋㅋ55\n \n\n",
      "lat" : 37.484291800000001,
      "medicalDepName" : null,
      "listImage" : null,
      "lastAnswerHospital" : {
        "addrJibun" : "서울특별시 강남구 역삼동 832-3 강남역 쉐르빌",
        "lon" : 127.03092100000001,
        "addrRoad" : "서울특별시 강남구 강남대로 328(역삼동)",
        "hospitalName" : "닥톡 병원112",
        "addrDong" : null,
        "distance" : 1.3558975717315671,
        "lat" : 37.492426999999999
      },
      "hashtag" : null,
      "symptom" : "",
      "editorType" : "TE_SUMMERNOTE",
      "uid" : "uid_9d3566b61ea08c3b53a67442beb47e261bcadcd460caa0eee7ae01581964",
      "consultDistance" : 0.018392963670519513,
      "title" : "ㅋㅋㅋ55",
      "status" : "Y",
      "type" : "Q",
      "medicalDep" : "",
      "displayRegDate" : "2021.10.29",
      "answerCnt" : 1,
      "lastAnswer" : {
        "seq" : 529603,
        "displayRegDate" : "2021.11.02",
        "companyName" : "닥톡 병원112",
        "video" : {
          "width" : null,
          "youtubeId" : null,
          "thumbnail" : "",
          "filePath" : "https:\/\/docfriends.s3.ap-northeast-2.amazonaws.com\/dev\/health_consult\/video\/20211105\/2ujPfQd6-7nJW-51Pf-anNf-1cSE1YkjUcqM.mp4?X-Amz-Algorithm=AWS4-HMAC-SHA256&X-Amz-Date=20211110T052356Z&X-Amz-SignedHeaders=host&X-Amz-Expires=599&X-Amz-Credential=AKIAJHIAZX4VSANQUSUA%2F20211110%2Fap-northeast-2%2Fs3%2Faws4_request&X-Amz-Signature=40055aa044b2f055d1136dac0c6d911e9354218be968ad77c1401d162d269651",
          "youtubeState" : "invalid",
          "height" : null,
          "fileName" : "KakaoTalk_20210319_142641602.mp4"
        },
        "mediaType" : "AUDIO",
        "alarmYn" : "Y",
        "userName" : "의사2",
        "regDate" : 1635853988000,
        "expertType" : "ORIENTAL",
        "content" : "안녕하세요, 닥톡-네이버 지식iN 상담한의사 의사2입니다.\n 박통 네이버 지식인 상담 안의사 김병주입니다.\n 혈압이 불안정하면서\n 비속대는 부통 어지럼증에 대해서 문의를 드셨네요.\n 일상생활에서는 정상인데 병원에서만 혈압이 올라가는 경우는\n \n\n",
        "profileImg" : "https:\/\/img.doctalk.co.kr\/dev\/user\/image\/20211105\/4eWvJG3Z-4ll1-4RIj-9GpD-1eASTK9x6qLP.jpg.png",
        "image" : null,
        "expertTypeName" : "한의사",
        "likeCnt" : 37
      },
      "lon" : 127.0421424,
      "notReadAnswerCnt" : 0,
      "companyCode" : null,
      "seq" : 529588,
      "cid" : "cid_22c002e1c2a17d6a8a47cc219d99213a7f0a50adf8449a47ba6c27026783"
    },
    {
      "companyCode" : null,
      "allow" : null,
      "seq" : 529456,
      "lastAnswerHospital" : {
        "lat" : 37.484287999999999,
        "distance" : 0.021183977344888003,
        "addrDong" : null,
        "lon" : 127.042315,
        "addrJibun" : "서울특별시 강남구 도곡동 514-2 유니북스빌딩",
        "addrRoad" : "서울특별시 강남구 논현로 164(도곡동)",
        "hospitalName" : "테스트-파인카병원"
      },
      "hashtag" : null,
      "myAnswerCnt" : null,
      "notReadAnswerCnt" : 0,
      "displayRegDate" : "2021.08.18",
      "listImage" : null,
      "regDate" : 1629249300000,
      "tagList" : [
        {
          "tagName" : "한방재활의학과",
          "tagKey" : 32
        }
      ],
      "companyName" : null,
      "uid" : "system",
      "textContent" : "ㅇ\n\n\n",
      "editorType" : "TE_SUMMERNOTE",
      "symptom" : null,
      "cid" : "c-sGIuOsI-1tchv20-NOEd",
      "type" : "Q",
      "status" : "Y",
      "consultDistance" : null,
      "title" : "교통사고 보험 절차와 필요한 서류 알려주세요",
      "tagNameList" : "한방재활의학과",
      "medicalDep" : "10132",
      "medicalDepName" : "한방재활의학과",
      "lastAnswer" : {
        "mediaType" : "TEXT",
        "seq" : 529457,
        "companyName" : "테스트-파인카병원",
        "profileImg" : null,
        "regDate" : 1629541799000,
        "expertTypeName" : "한의사",
        "image" : null,
        "expertType" : "ORIENTAL",
        "likeCnt" : 0,
        "video" : {
          "thumbnail" : null,
          "filePath" : null,
          "youtubeId" : null,
          "youtubeState" : null,
          "fileName" : null,
          "height" : null,
          "width" : null
        },
        "alarmYn" : "Y",
        "content" : "안녕하세요, 닥톡-네이버 지식iN 상담한의사 테스트-파인카네트워크입니다.\n ㅇ\n\n\n",
        "displayRegDate" : "2021.08.21",
        "userName" : "테스트-파인카네트워크"
      },
      "myWritingYn" : null,
      "readCnt" : 18,
      "answerCnt" : 1,
      "lon" : null,
      "lat" : null
    },
    {
      "companyCode" : null,
      "allow" : null,
      "seq" : 529458,
      "lastAnswerHospital" : {
        "lat" : 37.484287999999999,
        "distance" : 0.021183977344888003,
        "addrDong" : null,
        "lon" : 127.042315,
        "addrJibun" : "서울특별시 강남구 도곡동 514-2 유니북스빌딩",
        "addrRoad" : "서울특별시 강남구 논현로 164(도곡동)",
        "hospitalName" : "테스트-파인카병원"
      },
      "hashtag" : null,
      "myAnswerCnt" : null,
      "notReadAnswerCnt" : 0,
      "displayRegDate" : "2021.08.12",
      "listImage" : null,
      "regDate" : 1628740050000,
      "tagList" : [
        {
          "tagName" : "개발용",
          "tagKey" : 1161
        },
        {
          "tagName" : "테스트",
          "tagKey" : 178
        }
      ],
      "companyName" : null,
      "uid" : "system",
      "textContent" : "ㅇ\n \n\n",
      "editorType" : "TE_SUMMERNOTE",
      "symptom" : null,
      "cid" : "c-sGOuYVP-1tchv20-7URA",
      "type" : "Q",
      "status" : "Y",
      "consultDistance" : null,
      "title" : "자동차 사고 보험 처리 과정 알려주세요",
      "tagNameList" : "테스트,개발용",
      "medicalDep" : "10132",
      "medicalDepName" : "한방재활의학과",
      "lastAnswer" : {
        "mediaType" : "TEXT",
        "seq" : 529459,
        "companyName" : "테스트-파인카병원",
        "profileImg" : null,
        "regDate" : 1629630376000,
        "expertTypeName" : "한의사",
        "image" : null,
        "expertType" : "ORIENTAL",
        "likeCnt" : 0,
        "video" : {
          "thumbnail" : null,
          "filePath" : null,
          "youtubeId" : null,
          "youtubeState" : null,
          "fileName" : null,
          "height" : null,
          "width" : null
        },
        "alarmYn" : "Y",
        "content" : "안녕하세요, 닥톡-네이버 지식iN 상담한의사 테스트-파인카네트워크입니다.\n ㅁㄴㅇ\n \n\n",
        "displayRegDate" : "2021.08.22",
        "userName" : "테스트-파인카네트워크"
      },
      "myWritingYn" : null,
      "readCnt" : 9,
      "answerCnt" : 1,
      "lon" : null,
      "lat" : null
    },
    {
      "companyCode" : null,
      "allow" : null,
      "seq" : 528966,
      "lastAnswerHospital" : {
        "lat" : 37.654519041803901,
        "distance" : 18.987262579970256,
        "addrDong" : null,
        "lon" : 127.05629721243901,
        "addrJibun" : "서울특별시 노원구 상계동 701-1 노원구청",
        "addrRoad" : "서울특별시 노원구 노해로 437(상계동)",
        "hospitalName" : "닥프렌즈 병원"
      },
      "hashtag" : null,
      "myAnswerCnt" : null,
      "notReadAnswerCnt" : 0,
      "displayRegDate" : "2021.07.07",
      "listImage" : "https:\/\/img.doctalk.co.kr",
      "regDate" : 1625621908000,
      "tagList" : [
        {
          "tagName" : "한방내과",
          "tagKey" : 180
        }
      ],
      "companyName" : null,
      "uid" : "system",
      "textContent" : "sjsjd\n \n \n\n",
      "editorType" : "TE_SUMMERNOTE",
      "symptom" : null,
      "cid" : "c-sCrdTSl-iYwMM0-65qL",
      "type" : "Q",
      "status" : "Y",
      "consultDistance" : null,
      "title" : "dnjd(anmamamsma 신생아\/남 sbbsbbdb)",
      "tagNameList" : "한방내과",
      "medicalDep" : "10125",
      "medicalDepName" : "한방내과",
      "lastAnswer" : {
        "mediaType" : "IMAGE",
        "seq" : 528967,
        "companyName" : "닥프렌즈 병원",
        "profileImg" : "https:\/\/img.doctalk.co.kr\/dev\/user\/image\/20210705\/3THjhgAj-5GxK-5ivY-aOv8-dWRnvEf25ld3.png",
        "regDate" : 1625621916000,
        "expertTypeName" : "한의사",
        "image" : "https:\/\/img.doctalk.co.kr\/dev\/health_consult\/image\/20210707\/1smn7MII-69b9-4PZn-aA34-mCnekta0CNmh.png",
        "expertType" : "ORIENTAL",
        "likeCnt" : 0,
        "video" : {
          "thumbnail" : null,
          "filePath" : null,
          "youtubeId" : null,
          "youtubeState" : null,
          "fileName" : null,
          "height" : null,
          "width" : null
        },
        "alarmYn" : "Y",
        "content" : "안녕하세요, 닥톡-네이버 지식iN 상담한의사 shjdjdj입니다.\n shshsh\n \n \n \n\n",
        "displayRegDate" : "2021.07.07",
        "userName" : "shjdjdj"
      },
      "myWritingYn" : null,
      "readCnt" : 61,
      "answerCnt" : 1,
      "lon" : null,
      "lat" : null
    }
]
